<application>
  <component name="NodeJsLocalInterpreterManager">
    <local-interpreter path="$USER_HOME$/.nodenv/shims/node">
      <version-cache version="20.2.0" last-modified="1683593010586" />
    </local-interpreter>
    <local-interpreter path="/usr/local/Cellar/node/20.2.0/bin/node">
      <version-cache last-modified="1686167288552" />
    </local-interpreter>
    <local-interpreter path="$USER_HOME$/.nvm/versions/node/v18.18.2/bin/node">
      <version-cache version="18.18.2" last-modified="1697206411000" />
    </local-interpreter>
    <local-interpreter path="$USER_HOME$/.nvm/versions/node/v18.0.0/bin/node">
      <version-cache version="18.0.0" last-modified="1650324175000" />
    </local-interpreter>
    <local-interpreter path="$USER_HOME$/.nvm/versions/node/v16.19.1/bin/node">
      <version-cache version="16.19.1" last-modified="1676567007000" />
    </local-interpreter>
    <local-interpreter path="/usr/local/Cellar/node/16.5.0/bin/node">
      <version-cache last-modified="0" />
    </local-interpreter>
    <local-interpreter path="/usr/local/bin/node">
      <version-cache version="15.3.0" last-modified="1606226734000" />
    </local-interpreter>
    <local-interpreter path="$USER_HOME$/.nvm/versions/node/v15.0.0/bin/node">
      <version-cache version="15.0.0" last-modified="1603194898000" />
    </local-interpreter>
    <local-interpreter path="$USER_HOME$/.nvm/versions/node/v14.19.0/bin/node">
      <version-cache version="14.19.0" last-modified="1643702261000" />
    </local-interpreter>
  </component>
</application>